creative_territory,audience_segment,growth_motion,format,creative_role,channel,entry_action,primary_signal,current_value,prior_value,value_format,lower_is_better,recommendation
The Job Changed. So Can You.,Professionals under pressure to adapt,Pro,Role-change short video,Demand Creation,Paid Social,Diagnose skill gap,Hook rate,0.34,0.30,percent,false,Scale the role-change structure and version it by priority profession.
The Job Changed. So Can You.,Professionals under pressure to adapt,Workshops,Instructor work demo,Reinforcement,YouTube,Join a focused Workshop,Video completion rate,0.51,0.47,percent,false,Build shorter cutdowns around the strongest applied demonstration.
The Job Changed. So Can You.,Professionals under pressure to adapt,Pro,Role-based pathway page,Demand Capture,Paid Search,Find the skills your role requires,Trial start rate,0.081,0.074,percent,false,Expand high-intent role and task clusters with tighter landing-page routing.
Make Readiness Visible,Professionals seeking advancement,Bootcamps,Project evidence carousel,Reinforcement,LinkedIn,Explore a career path,Proof-content engagement,0.067,0.064,percent,false,Version proof by desired advancement outcome and credential type.
Make Readiness Visible,Professionals seeking advancement,Pro,Credential comparison page,Demand Capture,Organic Search,Compare pathways,Nonbrand CVR,0.046,0.043,percent,false,Add direct comparisons and stronger project and outcome proof.
Stay Unfinished,Continuous learners,All Access,Next-skill sequence,Customer Growth,CRM / Lifecycle,Discover what to learn next,Cross-product progression,0.094,0.087,percent,false,Scale personalized adjacency recommendations by completed skill history.
Stay Unfinished,Continuous learners,Pro,Emerging-skill explainer,Demand Creation,YouTube,Explore a new capability,Video completion rate,0.48,0.46,percent,false,Keep the serial format and sharpen the future-facing opening.
Make Readiness Visible,L&D and department leaders,Teams,Platform proof demo,Reinforcement,LinkedIn,Start a trial or demo,Demo engagement,0.141,0.137,percent,false,Add adoption and active-seat proof for priority buyer segments.
Make Readiness Visible,L&D and department leaders,Teams,Team capability landing page,Demand Capture,Paid Search,Start a Teams trial,Trial-to-paid rate,0.087,0.082,percent,false,Separate self-serve and sales-assist routes earlier in the experience.
